"","STN_ID","date","SSTP","source","wmo_id","buoy_name","buoy_type","lat","lon"
"1","C46303",2023-01-01,6.96145833333333,"ECCC","46303","S. Georgia Strait",NA,49.025,-123.43
"2","C46303",2023-01-02,5.75384615384615,"ECCC","46303","S. Georgia Strait",NA,49.025,-123.43
"3","C46303",2023-01-03,5.82361111111111,"ECCC","46303","S. Georgia Strait",NA,49.025,-123.43
"4","C46303",2023-01-04,6.66619718309859,"ECCC","46303","S. Georgia Strait",NA,49.025,-123.43
"5","C46303",2023-01-05,6.475,"ECCC","46303","S. Georgia Strait",NA,49.025,-123.43
"6","C46303",2023-01-06,6.44929577464789,"ECCC","46303","S. Georgia Strait",NA,49.025,-123.43
"7","C46303",2023-01-07,6.41180555555556,"ECCC","46303","S. Georgia Strait",NA,49.025,-123.43
"8","C46303",2023-01-08,6.28472222222222,"ECCC","46303","S. Georgia Strait",NA,49.025,-123.43
"9","C46303",2023-01-09,6.34755244755245,"ECCC","46303","S. Georgia Strait",NA,49.025,-123.43
"10","C46303",2023-01-10,6.60069444444444,"ECCC","46303","S. Georgia Strait",NA,49.025,-123.43
"11","C46303",2023-01-11,6.34513888888889,"ECCC","46303","S. Georgia Strait",NA,49.025,-123.43
"12","C46303",2023-01-12,6.68472222222222,"ECCC","46303","S. Georgia Strait",NA,49.025,-123.43
"13","C46303",2023-01-13,7.04722222222222,"ECCC","46303","S. Georgia Strait",NA,49.025,-123.43
"14","C46303",2023-01-14,6.83194444444444,"ECCC","46303","S. Georgia Strait",NA,49.025,-123.43
"15","C46303",2023-01-15,6.53402777777778,"ECCC","46303","S. Georgia Strait",NA,49.025,-123.43
"16","C46303",2023-01-16,6.71347517730496,"ECCC","46303","S. Georgia Strait",NA,49.025,-123.43
"17","C46303",2023-01-17,7.01736111111111,"ECCC","46303","S. Georgia Strait",NA,49.025,-123.43
"18","C46303",2023-01-18,7.1875,"ECCC","46303","S. Georgia Strait",NA,49.025,-123.43
"19","C46303",2023-01-19,7.36268656716418,"ECCC","46303","S. Georgia Strait",NA,49.025,-123.43
"20","C46303",2023-01-20,6.77473684210526,"ECCC","46303","S. Georgia Strait",NA,49.025,-123.43
"21","C46303",2023-01-21,7.02291666666667,"ECCC","46303","S. Georgia Strait",NA,49.025,-123.43
"22","C46303",2023-01-22,6.825,"ECCC","46303","S. Georgia Strait",NA,49.025,-123.43
"23","C46303",2023-01-23,6.44305555555556,"ECCC","46303","S. Georgia Strait",NA,49.025,-123.43
"24","C46303",2023-01-24,6.58263888888889,"ECCC","46303","S. Georgia Strait",NA,49.025,-123.43
"25","C46303",2023-01-25,6.64195804195804,"ECCC","46303","S. Georgia Strait",NA,49.025,-123.43
"26","C46303",2023-01-26,6.44055944055944,"ECCC","46303","S. Georgia Strait",NA,49.025,-123.43
"27","C46303",2023-01-27,6.46666666666667,"ECCC","46303","S. Georgia Strait",NA,49.025,-123.43
"28","C46303",2023-01-28,6.58125,"ECCC","46303","S. Georgia Strait",NA,49.025,-123.43
"29","C46303",2023-01-29,6.47152777777778,"ECCC","46303","S. Georgia Strait",NA,49.025,-123.43
"30","C46303",2023-01-30,5.70347222222222,"ECCC","46303","S. Georgia Strait",NA,49.025,-123.43
"31","C46303",2023-01-31,5.51278195488722,"ECCC","46303","S. Georgia Strait",NA,49.025,-123.43
"32","C46303",2023-02-01,5.85,"ECCC","46303","S. Georgia Strait",NA,49.025,-123.43
"33","C46303",2023-02-02,6.21041666666667,"ECCC","46303","S. Georgia Strait",NA,49.025,-123.43
"34","C46303",2023-02-03,6.66180555555556,"ECCC","46303","S. Georgia Strait",NA,49.025,-123.43
"35","C46303",2023-02-04,7.28541666666667,"ECCC","46303","S. Georgia Strait",NA,49.025,-123.43
"36","C46303",2023-02-05,7.26180555555556,"ECCC","46303","S. Georgia Strait",NA,49.025,-123.43
"37","C46303",2023-02-06,7.11468531468531,"ECCC","46303","S. Georgia Strait",NA,49.025,-123.43
"38","C46303",2023-02-07,7.78130841121495,"ECCC","46303","S. Georgia Strait",NA,49.025,-123.43
"39","C46303",2023-02-08,7.71818181818182,"ECCC","46303","S. Georgia Strait",NA,49.025,-123.43
"40","C46303",2023-02-09,7.47569444444444,"ECCC","46303","S. Georgia Strait",NA,49.025,-123.43
"41","C46303",2023-02-10,7.69791666666667,"ECCC","46303","S. Georgia Strait",NA,49.025,-123.43
"42","C46303",2023-02-11,7.22291666666667,"ECCC","46303","S. Georgia Strait",NA,49.025,-123.43
"43","C46303",2023-02-12,6.83194444444444,"ECCC","46303","S. Georgia Strait",NA,49.025,-123.43
"44","C46303",2023-02-13,7.18402777777778,"ECCC","46303","S. Georgia Strait",NA,49.025,-123.43
"45","C46303",2023-02-14,7.21597222222222,"ECCC","46303","S. Georgia Strait",NA,49.025,-123.43
"46","C46303",2023-02-15,6.6625,"ECCC","46303","S. Georgia Strait",NA,49.025,-123.43
"47","C46303",2023-02-16,6.75833333333333,"ECCC","46303","S. Georgia Strait",NA,49.025,-123.43
"48","C46303",2023-02-17,6.45174825174825,"ECCC","46303","S. Georgia Strait",NA,49.025,-123.43
"49","C46303",2023-02-18,6.6625,"ECCC","46303","S. Georgia Strait",NA,49.025,-123.43
"50","C46303",2023-02-19,6.58194444444444,"ECCC","46303","S. Georgia Strait",NA,49.025,-123.43
"51","C46303",2023-02-20,6.80069444444444,"ECCC","46303","S. Georgia Strait",NA,49.025,-123.43
"52","C46303",2023-02-21,6.78380281690141,"ECCC","46303","S. Georgia Strait",NA,49.025,-123.43
"53","C46303",2023-02-22,6.81944444444444,"ECCC","46303","S. Georgia Strait",NA,49.025,-123.43
"54","C46303",2023-02-23,6.57986111111111,"ECCC","46303","S. Georgia Strait",NA,49.025,-123.43
"55","C46303",2023-02-24,6.50496453900709,"ECCC","46303","S. Georgia Strait",NA,49.025,-123.43
"56","C46303",2023-02-25,6.13120567375887,"ECCC","46303","S. Georgia Strait",NA,49.025,-123.43
"57","C46303",2023-02-26,6.21319444444444,"ECCC","46303","S. Georgia Strait",NA,49.025,-123.43
"58","C46303",2023-02-27,6.72535211267606,"ECCC","46303","S. Georgia Strait",NA,49.025,-123.43
"59","C46303",2023-02-28,6.16569343065693,"ECCC","46303","S. Georgia Strait",NA,49.025,-123.43
"60","C46303",2023-03-01,5.455,"ECCC","46303","S. Georgia Strait",NA,49.025,-123.43
"61","C46303",2023-03-02,5.90763888888889,"ECCC","46303","S. Georgia Strait",NA,49.025,-123.43
"62","C46303",2023-03-03,6.52847222222222,"ECCC","46303","S. Georgia Strait",NA,49.025,-123.43
"63","C46303",2023-03-04,6.63472222222222,"ECCC","46303","S. Georgia Strait",NA,49.025,-123.43
"64","C46303",2023-03-05,7.05972222222222,"ECCC","46303","S. Georgia Strait",NA,49.025,-123.43
"65","C46303",2023-03-06,7.00069444444444,"ECCC","46303","S. Georgia Strait",NA,49.025,-123.43
"66","C46303",2023-03-07,7.12569444444444,"ECCC","46303","S. Georgia Strait",NA,49.025,-123.43
"67","C46303",2023-03-08,6.95138888888889,"ECCC","46303","S. Georgia Strait",NA,49.025,-123.43
"68","C46303",2023-03-09,6.97152777777778,"ECCC","46303","S. Georgia Strait",NA,49.025,-123.43
"69","C46303",2023-03-10,6.73680555555556,"ECCC","46303","S. Georgia Strait",NA,49.025,-123.43
"70","C46303",2023-03-11,6.72638888888889,"ECCC","46303","S. Georgia Strait",NA,49.025,-123.43
"71","C46303",2023-03-12,6.94513888888889,"ECCC","46303","S. Georgia Strait",NA,49.025,-123.43
"72","C46303",2023-03-13,6.83194444444444,"ECCC","46303","S. Georgia Strait",NA,49.025,-123.43
"73","C46303",2023-03-14,6.76458333333333,"ECCC","46303","S. Georgia Strait",NA,49.025,-123.43
"74","C46303",2023-03-15,6.81527777777778,"ECCC","46303","S. Georgia Strait",NA,49.025,-123.43
"75","C46303",2023-03-16,7.00277777777778,"ECCC","46303","S. Georgia Strait",NA,49.025,-123.43
"76","C46303",2023-03-17,6.52307692307692,"ECCC","46303","S. Georgia Strait",NA,49.025,-123.43
"77","C46303",2023-03-18,6.99513888888889,"ECCC","46303","S. Georgia Strait",NA,49.025,-123.43
"78","C46303",2023-03-19,7.7,"ECCC","46303","S. Georgia Strait",NA,49.025,-123.43
"79","C46303",2023-03-20,7.65,"ECCC","46303","S. Georgia Strait",NA,49.025,-123.43
"80","C46303",2023-03-21,7.78239436619718,"ECCC","46303","S. Georgia Strait",NA,49.025,-123.43
"81","C46303",2023-03-22,7.97222222222222,"ECCC","46303","S. Georgia Strait",NA,49.025,-123.43
"82","C46303",2023-03-23,8.46597222222222,"ECCC","46303","S. Georgia Strait",NA,49.025,-123.43
"83","C46303",2023-03-24,7.70208333333333,"ECCC","46303","S. Georgia Strait",NA,49.025,-123.43
"84","C46303",2023-03-25,7.72291666666667,"ECCC","46303","S. Georgia Strait",NA,49.025,-123.43
"85","C46303",2023-03-26,7.66319444444444,"ECCC","46303","S. Georgia Strait",NA,49.025,-123.43
"86","C46303",2023-03-27,8.06319444444444,"ECCC","46303","S. Georgia Strait",NA,49.025,-123.43
"87","C46303",2023-03-28,8.06408450704225,"ECCC","46303","S. Georgia Strait",NA,49.025,-123.43
"88","C46303",2023-03-29,8.13888888888889,"ECCC","46303","S. Georgia Strait",NA,49.025,-123.43
"89","C46303",2023-03-30,8.4020979020979,"ECCC","46303","S. Georgia Strait",NA,49.025,-123.43
"90","C46303",2023-03-31,8.63194444444444,"ECCC","46303","S. Georgia Strait",NA,49.025,-123.43
"91","C46303",2023-04-01,7.93402777777778,"ECCC","46303","S. Georgia Strait",NA,49.025,-123.43
"92","C46303",2023-04-02,8.05395683453238,"ECCC","46303","S. Georgia Strait",NA,49.025,-123.43
"93","C46303",2023-04-03,7.98194444444444,"ECCC","46303","S. Georgia Strait",NA,49.025,-123.43
"94","C46303",2023-04-04,8.41388888888889,"ECCC","46303","S. Georgia Strait",NA,49.025,-123.43
"95","C46303",2023-04-05,8.75486111111111,"ECCC","46303","S. Georgia Strait",NA,49.025,-123.43
"96","C46303",2023-04-06,8.78541666666667,"ECCC","46303","S. Georgia Strait",NA,49.025,-123.43
"97","C46303",2023-04-07,8.15208333333333,"ECCC","46303","S. Georgia Strait",NA,49.025,-123.43
"98","C46303",2023-04-08,8.42013888888889,"ECCC","46303","S. Georgia Strait",NA,49.025,-123.43
"99","C46303",2023-04-09,8.09444444444444,"ECCC","46303","S. Georgia Strait",NA,49.025,-123.43
"100","C46303",2023-04-10,8.15069444444445,"ECCC","46303","S. Georgia Strait",NA,49.025,-123.43
"101","C46303",2023-04-11,8.33636363636364,"ECCC","46303","S. Georgia Strait",NA,49.025,-123.43
"102","C46303",2023-04-12,7.99090909090909,"ECCC","46303","S. Georgia Strait",NA,49.025,-123.43
"103","C46303",2023-04-13,8.2410071942446,"ECCC","46303","S. Georgia Strait",NA,49.025,-123.43
"104","C46303",2023-04-14,8.27013888888889,"ECCC","46303","S. Georgia Strait",NA,49.025,-123.43
"105","C46303",2023-04-15,9.21267605633803,"ECCC","46303","S. Georgia Strait",NA,49.025,-123.43
"106","C46303",2023-04-16,9.05972222222222,"ECCC","46303","S. Georgia Strait",NA,49.025,-123.43
"107","C46303",2023-04-17,8.40625,"ECCC","46303","S. Georgia Strait",NA,49.025,-123.43
"108","C46303",2023-04-18,8.15798319327731,"ECCC","46303","S. Georgia Strait",NA,49.025,-123.43
"109","C46303",2023-04-19,8.04113475177305,"ECCC","46303","S. Georgia Strait",NA,49.025,-123.43
"110","C46303",2023-04-20,8.09305555555556,"ECCC","46303","S. Georgia Strait",NA,49.025,-123.43
"111","C46303",2023-04-21,8.08541666666667,"ECCC","46303","S. Georgia Strait",NA,49.025,-123.43
"112","C46303",2023-04-22,8.41388888888889,"ECCC","46303","S. Georgia Strait",NA,49.025,-123.43
"113","C46303",2023-04-23,8.55327102803738,"ECCC","46303","S. Georgia Strait",NA,49.025,-123.43
"114","C46303",2023-04-24,8.60891089108911,"ECCC","46303","S. Georgia Strait",NA,49.025,-123.43
"115","C46303",2023-04-25,9.52222222222222,"ECCC","46303","S. Georgia Strait",NA,49.025,-123.43
"116","C46303",2023-04-26,10.3763888888889,"ECCC","46303","S. Georgia Strait",NA,49.025,-123.43
"117","C46303",2023-04-27,9.78819444444444,"ECCC","46303","S. Georgia Strait",NA,49.025,-123.43
"118","C46303",2023-04-28,9.74305555555556,"ECCC","46303","S. Georgia Strait",NA,49.025,-123.43
"119","C46303",2023-04-29,10.2867132867133,"ECCC","46303","S. Georgia Strait",NA,49.025,-123.43
"120","C46303",2023-04-30,12.2277777777778,"ECCC","46303","S. Georgia Strait",NA,49.025,-123.43
"121","C46303",2023-05-01,10.9652777777778,"ECCC","46303","S. Georgia Strait",NA,49.025,-123.43
"122","C46303",2023-05-02,11.0284722222222,"ECCC","46303","S. Georgia Strait",NA,49.025,-123.43
"123","C46303",2023-05-03,11.0763888888889,"ECCC","46303","S. Georgia Strait",NA,49.025,-123.43
"124","C46303",2023-05-04,12.4013888888889,"ECCC","46303","S. Georgia Strait",NA,49.025,-123.43
"125","C46303",2023-05-05,12.0652777777778,"ECCC","46303","S. Georgia Strait",NA,49.025,-123.43
"126","C46303",2023-05-06,10.7979166666667,"ECCC","46303","S. Georgia Strait",NA,49.025,-123.43
"127","C46303",2023-05-07,10.9486111111111,"ECCC","46303","S. Georgia Strait",NA,49.025,-123.43
"128","C46303",2023-05-08,11.5493055555556,"ECCC","46303","S. Georgia Strait",NA,49.025,-123.43
"129","C46303",2023-05-09,11.7464788732394,"ECCC","46303","S. Georgia Strait",NA,49.025,-123.43
"130","C46303",2023-05-10,12.0541666666667,"ECCC","46303","S. Georgia Strait",NA,49.025,-123.43
"131","C46303",2023-05-11,12.0055555555556,"ECCC","46303","S. Georgia Strait",NA,49.025,-123.43
"132","C46303",2023-05-12,12.0631944444444,"ECCC","46303","S. Georgia Strait",NA,49.025,-123.43
"133","C46303",2023-05-13,13.5201388888889,"ECCC","46303","S. Georgia Strait",NA,49.025,-123.43
"134","C46303",2023-05-14,13.1784722222222,"ECCC","46303","S. Georgia Strait",NA,49.025,-123.43
"135","C46303",2023-05-15,13.1243055555556,"ECCC","46303","S. Georgia Strait",NA,49.025,-123.43
"136","C46303",2023-05-16,14.1166666666667,"ECCC","46303","S. Georgia Strait",NA,49.025,-123.43
"137","C46303",2023-05-17,15.0493055555556,"ECCC","46303","S. Georgia Strait",NA,49.025,-123.43
"138","C46303",2023-05-18,16.2256944444444,"ECCC","46303","S. Georgia Strait",NA,49.025,-123.43
"139","C46303",2023-05-19,14.8222222222222,"ECCC","46303","S. Georgia Strait",NA,49.025,-123.43
"140","C46303",2023-05-20,14.4762237762238,"ECCC","46303","S. Georgia Strait",NA,49.025,-123.43
"141","C46303",2023-05-21,13.7743055555556,"ECCC","46303","S. Georgia Strait",NA,49.025,-123.43
"142","C46303",2023-05-22,14.525,"ECCC","46303","S. Georgia Strait",NA,49.025,-123.43
"143","C46303",2023-05-23,13.8944444444444,"ECCC","46303","S. Georgia Strait",NA,49.025,-123.43
"144","C46303",2023-05-24,13.6321678321678,"ECCC","46303","S. Georgia Strait",NA,49.025,-123.43
"145","C46303",2023-05-25,15.0576388888889,"ECCC","46303","S. Georgia Strait",NA,49.025,-123.43
"146","C46303",2023-05-26,14.9597222222222,"ECCC","46303","S. Georgia Strait",NA,49.025,-123.43
"147","C46303",2023-05-27,14.7284722222222,"ECCC","46303","S. Georgia Strait",NA,49.025,-123.43
"148","C46303",2023-05-28,15.4194444444444,"ECCC","46303","S. Georgia Strait",NA,49.025,-123.43
"149","C46303",2023-05-29,15.5368055555556,"ECCC","46303","S. Georgia Strait",NA,49.025,-123.43
"150","C46303",2023-05-30,15.8979166666667,"ECCC","46303","S. Georgia Strait",NA,49.025,-123.43
"151","C46303",2023-05-31,15.4416666666667,"ECCC","46303","S. Georgia Strait",NA,49.025,-123.43
"152","C46303",2023-06-01,15.6685314685315,"ECCC","46303","S. Georgia Strait",NA,49.025,-123.43
"153","C46303",2023-06-02,15.7625,"ECCC","46303","S. Georgia Strait",NA,49.025,-123.43
"154","C46303",2023-06-03,15.8,"ECCC","46303","S. Georgia Strait",NA,49.025,-123.43
"155","C46303",2023-06-04,15.7263888888889,"ECCC","46303","S. Georgia Strait",NA,49.025,-123.43
"156","C46303",2023-06-05,15.4104895104895,"ECCC","46303","S. Georgia Strait",NA,49.025,-123.43
"157","C46303",2023-06-06,15.3547619047619,"ECCC","46303","S. Georgia Strait",NA,49.025,-123.43
"158","C46303",2023-06-07,15.8772277227723,"ECCC","46303","S. Georgia Strait",NA,49.025,-123.43
"159","C46303",2023-06-08,15.5729166666667,"ECCC","46303","S. Georgia Strait",NA,49.025,-123.43
"160","C46303",2023-06-09,16.0944444444444,"ECCC","46303","S. Georgia Strait",NA,49.025,-123.43
"161","C46303",2023-06-10,15.0020833333333,"ECCC","46303","S. Georgia Strait",NA,49.025,-123.43
"162","C46303",2023-06-11,14.4708333333333,"ECCC","46303","S. Georgia Strait",NA,49.025,-123.43
"163","C46303",2023-06-12,14.6243055555556,"ECCC","46303","S. Georgia Strait",NA,49.025,-123.43
"164","C46303",2023-06-13,16.1868055555556,"ECCC","46303","S. Georgia Strait",NA,49.025,-123.43
"165","C46303",2023-06-14,15.8604166666667,"ECCC","46303","S. Georgia Strait",NA,49.025,-123.43
"166","C46303",2023-06-15,16.2180555555556,"ECCC","46303","S. Georgia Strait",NA,49.025,-123.43
"167","C46303",2023-06-16,15.9368055555556,"ECCC","46303","S. Georgia Strait",NA,49.025,-123.43
"168","C46303",2023-06-17,16.0118055555556,"ECCC","46303","S. Georgia Strait",NA,49.025,-123.43
"169","C46303",2023-06-18,15.3201388888889,"ECCC","46303","S. Georgia Strait",NA,49.025,-123.43
"170","C46303",2023-06-19,15.6965277777778,"ECCC","46303","S. Georgia Strait",NA,49.025,-123.43
"171","C46303",2023-06-20,15.058041958042,"ECCC","46303","S. Georgia Strait",NA,49.025,-123.43
"172","C46303",2023-06-21,14.8076923076923,"ECCC","46303","S. Georgia Strait",NA,49.025,-123.43
"173","C46303",2023-06-22,14.6201388888889,"ECCC","46303","S. Georgia Strait",NA,49.025,-123.43
"174","C46303",2023-06-23,15.9368055555556,"ECCC","46303","S. Georgia Strait",NA,49.025,-123.43
"175","C46303",2023-06-24,16.7680555555556,"ECCC","46303","S. Georgia Strait",NA,49.025,-123.43
"176","C46303",2023-06-25,15.7125,"ECCC","46303","S. Georgia Strait",NA,49.025,-123.43
"177","C46303",2023-06-26,16.7673611111111,"ECCC","46303","S. Georgia Strait",NA,49.025,-123.43
"178","C46303",2023-06-27,17.2534722222222,"ECCC","46303","S. Georgia Strait",NA,49.025,-123.43
"179","C46303",2023-06-28,17.2804195804196,"ECCC","46303","S. Georgia Strait",NA,49.025,-123.43
"180","C46303",2023-06-29,17.6007092198582,"ECCC","46303","S. Georgia Strait",NA,49.025,-123.43
"181","C46303",2023-06-30,18.1576388888889,"ECCC","46303","S. Georgia Strait",NA,49.025,-123.43
"182","C46303",2023-07-01,19.0845070422535,"ECCC","46303","S. Georgia Strait",NA,49.025,-123.43
"183","C46303",2023-07-02,18.6020833333333,"ECCC","46303","S. Georgia Strait",NA,49.025,-123.43
"184","C46303",2023-07-03,17.1819444444444,"ECCC","46303","S. Georgia Strait",NA,49.025,-123.43
"185","C46303",2023-07-04,17.1729166666667,"ECCC","46303","S. Georgia Strait",NA,49.025,-123.43
"186","C46303",2023-07-05,16.986013986014,"ECCC","46303","S. Georgia Strait",NA,49.025,-123.43
"187","C46303",2023-07-06,17.5447552447552,"ECCC","46303","S. Georgia Strait",NA,49.025,-123.43
"188","C46303",2023-07-07,17.9408450704225,"ECCC","46303","S. Georgia Strait",NA,49.025,-123.43
"189","C46303",2023-07-08,17.0402777777778,"ECCC","46303","S. Georgia Strait",NA,49.025,-123.43
"190","C46303",2023-07-09,16.6186666666667,"ECCC","46303","S. Georgia Strait",NA,49.025,-123.43
"191","C46303",2023-07-10,15.9712871287129,"ECCC","46303","S. Georgia Strait",NA,49.025,-123.43
"192","C46303",2023-07-11,15.2722222222222,"ECCC","46303","S. Georgia Strait",NA,49.025,-123.43
"193","C46303",2023-07-12,16.0048611111111,"ECCC","46303","S. Georgia Strait",NA,49.025,-123.43
"194","C46303",2023-07-13,15.6594405594406,"ECCC","46303","S. Georgia Strait",NA,49.025,-123.43
"195","C46303",2023-07-14,16.1979166666667,"ECCC","46303","S. Georgia Strait",NA,49.025,-123.43
"196","C46303",2023-07-15,18.2145833333333,"ECCC","46303","S. Georgia Strait",NA,49.025,-123.43
"197","C46303",2023-07-16,17.7368055555556,"ECCC","46303","S. Georgia Strait",NA,49.025,-123.43
"198","C46303",2023-07-17,18.8208333333333,"ECCC","46303","S. Georgia Strait",NA,49.025,-123.43
"199","C46303",2023-07-18,19.4993055555556,"ECCC","46303","S. Georgia Strait",NA,49.025,-123.43
"200","C46303",2023-07-19,20.9611111111111,"ECCC","46303","S. Georgia Strait",NA,49.025,-123.43
"201","C46303",2023-07-20,20.7618055555556,"ECCC","46303","S. Georgia Strait",NA,49.025,-123.43
"202","C46303",2023-07-21,20.6118055555556,"ECCC","46303","S. Georgia Strait",NA,49.025,-123.43
"203","C46303",2023-07-22,20.2197183098592,"ECCC","46303","S. Georgia Strait",NA,49.025,-123.43
"204","C46303",2023-07-23,18.9430555555556,"ECCC","46303","S. Georgia Strait",NA,49.025,-123.43
"205","C46303",2023-07-24,19.4770833333333,"ECCC","46303","S. Georgia Strait",NA,49.025,-123.43
"206","C46303",2023-07-25,17.9493055555556,"ECCC","46303","S. Georgia Strait",NA,49.025,-123.43
"207","C46303",2023-07-26,17.9517482517483,"ECCC","46303","S. Georgia Strait",NA,49.025,-123.43
"208","C46303",2023-07-27,19.2133802816901,"ECCC","46303","S. Georgia Strait",NA,49.025,-123.43
"209","C46303",2023-07-28,19.1826388888889,"ECCC","46303","S. Georgia Strait",NA,49.025,-123.43
"210","C46303",2023-07-29,19.9868055555556,"ECCC","46303","S. Georgia Strait",NA,49.025,-123.43
"211","C46303",2023-07-30,18.2965277777778,"ECCC","46303","S. Georgia Strait",NA,49.025,-123.43
"212","C46303",2023-07-31,17.7520833333333,"ECCC","46303","S. Georgia Strait",NA,49.025,-123.43
"213","C46303",2023-08-01,18.2978873239437,"ECCC","46303","S. Georgia Strait",NA,49.025,-123.43
"214","C46303",2023-08-02,18.6305555555556,"ECCC","46303","S. Georgia Strait",NA,49.025,-123.43
"215","C46303",2023-08-03,18.5388888888889,"ECCC","46303","S. Georgia Strait",NA,49.025,-123.43
"216","C46303",2023-08-04,19.5548611111111,"ECCC","46303","S. Georgia Strait",NA,49.025,-123.43
"217","C46303",2023-08-05,19.9729166666667,"ECCC","46303","S. Georgia Strait",NA,49.025,-123.43
"218","C46303",2023-08-06,19.3291666666667,"ECCC","46303","S. Georgia Strait",NA,49.025,-123.43
"219","C46303",2023-08-07,19.3727272727273,"ECCC","46303","S. Georgia Strait",NA,49.025,-123.43
"220","C46303",2023-08-08,20.2680555555556,"ECCC","46303","S. Georgia Strait",NA,49.025,-123.43
"221","C46303",2023-08-09,19.5729166666667,"ECCC","46303","S. Georgia Strait",NA,49.025,-123.43
"222","C46303",2023-08-10,18.99375,"ECCC","46303","S. Georgia Strait",NA,49.025,-123.43
"223","C46303",2023-08-11,19.2680555555556,"ECCC","46303","S. Georgia Strait",NA,49.025,-123.43
"224","C46303",2023-08-12,20.1916666666667,"ECCC","46303","S. Georgia Strait",NA,49.025,-123.43
"225","C46303",2023-08-13,20.0541666666667,"ECCC","46303","S. Georgia Strait",NA,49.025,-123.43
"226","C46303",2023-08-14,17.7569444444444,"ECCC","46303","S. Georgia Strait",NA,49.025,-123.43
"227","C46303",2023-08-15,17.5034965034965,"ECCC","46303","S. Georgia Strait",NA,49.025,-123.43
"228","C46303",2023-08-16,18.6548611111111,"ECCC","46303","S. Georgia Strait",NA,49.025,-123.43
"229","C46303",2023-08-17,18.4909722222222,"ECCC","46303","S. Georgia Strait",NA,49.025,-123.43
"230","C46303",2023-08-18,18.0395833333333,"ECCC","46303","S. Georgia Strait",NA,49.025,-123.43
"231","C46303",2023-08-19,18.3722222222222,"ECCC","46303","S. Georgia Strait",NA,49.025,-123.43
"232","C46303",2023-08-20,16.4788235294118,"ECCC","46303","S. Georgia Strait",NA,49.025,-123.43
"233","C46303",2023-08-30,15.7921568627451,"ECCC","46303","S. Georgia Strait",NA,49.025,-123.43
"234","C46303",2023-08-31,16.20625,"ECCC","46303","S. Georgia Strait",NA,49.025,-123.43
"235","C46303",2023-09-01,16.5244755244755,"ECCC","46303","S. Georgia Strait",NA,49.025,-123.43
"236","C46303",2023-09-02,16.4160839160839,"ECCC","46303","S. Georgia Strait",NA,49.025,-123.43
"237","C46303",2023-09-03,16.7895833333333,"ECCC","46303","S. Georgia Strait",NA,49.025,-123.43
"238","C46303",2023-09-04,16.6333333333333,"ECCC","46303","S. Georgia Strait",NA,49.025,-123.43
"239","C46303",2023-09-05,16.3138888888889,"ECCC","46303","S. Georgia Strait",NA,49.025,-123.43
"240","C46303",2023-09-06,16.4701388888889,"ECCC","46303","S. Georgia Strait",NA,49.025,-123.43
"241","C46303",2023-09-07,16.4174825174825,"ECCC","46303","S. Georgia Strait",NA,49.025,-123.43
"242","C46303",2023-09-08,16.4736111111111,"ECCC","46303","S. Georgia Strait",NA,49.025,-123.43
"243","C46303",2023-09-09,16.6298611111111,"ECCC","46303","S. Georgia Strait",NA,49.025,-123.43
"244","C46303",2023-09-10,17.2395833333333,"ECCC","46303","S. Georgia Strait",NA,49.025,-123.43
"245","C46303",2023-09-11,17.0555555555556,"ECCC","46303","S. Georgia Strait",NA,49.025,-123.43
"246","C46303",2023-09-12,16.8021126760563,"ECCC","46303","S. Georgia Strait",NA,49.025,-123.43
"247","C46303",2023-09-13,16.2756944444444,"ECCC","46303","S. Georgia Strait",NA,49.025,-123.43
"248","C46303",2023-09-14,16.7743055555556,"ECCC","46303","S. Georgia Strait",NA,49.025,-123.43
"249","C46303",2023-09-15,16.6243055555556,"ECCC","46303","S. Georgia Strait",NA,49.025,-123.43
"250","C46303",2023-09-16,16.7951388888889,"ECCC","46303","S. Georgia Strait",NA,49.025,-123.43
"251","C46303",2023-09-17,16.9458333333333,"ECCC","46303","S. Georgia Strait",NA,49.025,-123.43
"252","C46303",2023-09-18,16.9944444444444,"ECCC","46303","S. Georgia Strait",NA,49.025,-123.43
"253","C46303",2023-09-19,15.2237623762376,"ECCC","46303","S. Georgia Strait",NA,49.025,-123.43
"254","C46303",2023-09-20,14.7391608391608,"ECCC","46303","S. Georgia Strait",NA,49.025,-123.43
"255","C46303",2023-09-21,14.3097222222222,"ECCC","46303","S. Georgia Strait",NA,49.025,-123.43
"256","C46303",2023-09-22,14.4069444444444,"ECCC","46303","S. Georgia Strait",NA,49.025,-123.43
"257","C46303",2023-09-23,14.775,"ECCC","46303","S. Georgia Strait",NA,49.025,-123.43
"258","C46303",2023-09-24,14.3715277777778,"ECCC","46303","S. Georgia Strait",NA,49.025,-123.43
"259","C46303",2023-09-25,13.7715277777778,"ECCC","46303","S. Georgia Strait",NA,49.025,-123.43
"260","C46303",2023-09-26,13.0729166666667,"ECCC","46303","S. Georgia Strait",NA,49.025,-123.43
"261","C46303",2023-09-27,12.779020979021,"ECCC","46303","S. Georgia Strait",NA,49.025,-123.43
"262","C46303",2023-09-28,12.9243055555556,"ECCC","46303","S. Georgia Strait",NA,49.025,-123.43
"263","C46303",2023-09-29,13.2430555555556,"ECCC","46303","S. Georgia Strait",NA,49.025,-123.43
"264","C46303",2023-09-30,13.3201388888889,"ECCC","46303","S. Georgia Strait",NA,49.025,-123.43
"265","C46303",2023-10-01,12.7832167832168,"ECCC","46303","S. Georgia Strait",NA,49.025,-123.43
"266","C46303",2023-10-02,12.975,"ECCC","46303","S. Georgia Strait",NA,49.025,-123.43
"267","C46303",2023-10-03,12.7725352112676,"ECCC","46303","S. Georgia Strait",NA,49.025,-123.43
"268","C46303",2023-10-04,13.03125,"ECCC","46303","S. Georgia Strait",NA,49.025,-123.43
"269","C46303",2023-10-05,13.6333333333333,"ECCC","46303","S. Georgia Strait",NA,49.025,-123.43
"270","C46303",2023-10-06,13.4916083916084,"ECCC","46303","S. Georgia Strait",NA,49.025,-123.43
"271","C46303",2023-10-07,13.562676056338,"ECCC","46303","S. Georgia Strait",NA,49.025,-123.43
"272","C46303",2023-10-08,14.4147727272727,"ECCC","46303","S. Georgia Strait",NA,49.025,-123.43
"273","C46303",2023-10-09,13.79,"ECCC","46303","S. Georgia Strait",NA,49.025,-123.43
"274","C46303",2023-10-10,13.5125,"ECCC","46303","S. Georgia Strait",NA,49.025,-123.43
"275","C46303",2023-10-11,12.6486111111111,"ECCC","46303","S. Georgia Strait",NA,49.025,-123.43
"276","C46303",2023-10-12,12.9048611111111,"ECCC","46303","S. Georgia Strait",NA,49.025,-123.43
"277","C46303",2023-10-13,13.4361111111111,"ECCC","46303","S. Georgia Strait",NA,49.025,-123.43
"278","C46303",2023-10-14,13.2770833333333,"ECCC","46303","S. Georgia Strait",NA,49.025,-123.43
"279","C46303",2023-10-15,13.2180555555556,"ECCC","46303","S. Georgia Strait",NA,49.025,-123.43
"280","C46303",2023-10-16,13.4368055555556,"ECCC","46303","S. Georgia Strait",NA,49.025,-123.43
"281","C46303",2023-10-17,12.9042553191489,"ECCC","46303","S. Georgia Strait",NA,49.025,-123.43
"282","C46303",2023-10-18,12.30625,"ECCC","46303","S. Georgia Strait",NA,49.025,-123.43
"283","C46303",2023-10-19,12.2395833333333,"ECCC","46303","S. Georgia Strait",NA,49.025,-123.43
"284","C46303",2023-10-20,12.2798611111111,"ECCC","46303","S. Georgia Strait",NA,49.025,-123.43
"285","C46303",2023-10-21,12.3701388888889,"ECCC","46303","S. Georgia Strait",NA,49.025,-123.43
"286","C46303",2023-10-22,12.2180555555556,"ECCC","46303","S. Georgia Strait",NA,49.025,-123.43
"287","C46303",2023-10-23,11.9770833333333,"ECCC","46303","S. Georgia Strait",NA,49.025,-123.43
"288","C46303",2023-10-24,11.5868055555556,"ECCC","46303","S. Georgia Strait",NA,49.025,-123.43
"289","C46303",2023-10-25,10.8819444444444,"ECCC","46303","S. Georgia Strait",NA,49.025,-123.43
"290","C46303",2023-10-26,10.6223776223776,"ECCC","46303","S. Georgia Strait",NA,49.025,-123.43
"291","C46303",2023-10-27,10.3458333333333,"ECCC","46303","S. Georgia Strait",NA,49.025,-123.43
"292","C46303",2023-10-28,9.99861111111111,"ECCC","46303","S. Georgia Strait",NA,49.025,-123.43
"293","C46303",2023-10-29,9.70486111111111,"ECCC","46303","S. Georgia Strait",NA,49.025,-123.43
"294","C46303",2023-10-30,9.85486111111111,"ECCC","46303","S. Georgia Strait",NA,49.025,-123.43
"295","C46303",2023-10-31,9.77777777777778,"ECCC","46303","S. Georgia Strait",NA,49.025,-123.43
"296","C46303",2023-11-01,9.65196850393701,"ECCC","46303","S. Georgia Strait",NA,49.025,-123.43
"297","C46303",2023-11-02,10.1152777777778,"ECCC","46303","S. Georgia Strait",NA,49.025,-123.43
"298","C46303",2023-11-03,10.3781690140845,"ECCC","46303","S. Georgia Strait",NA,49.025,-123.43
"299","C46303",2023-11-04,10.5208333333333,"ECCC","46303","S. Georgia Strait",NA,49.025,-123.43
"300","C46303",2023-11-05,10.7362962962963,"ECCC","46303","S. Georgia Strait",NA,49.025,-123.43
"301","C46303",2023-11-06,10.6132867132867,"ECCC","46303","S. Georgia Strait",NA,49.025,-123.43
"302","C46303",2023-11-07,10.4715277777778,"ECCC","46303","S. Georgia Strait",NA,49.025,-123.43
"303","C46303",2023-11-08,10.2,"ECCC","46303","S. Georgia Strait",NA,49.025,-123.43
"304","C46303",2023-11-09,9.83819444444445,"ECCC","46303","S. Georgia Strait",NA,49.025,-123.43
"305","C46303",2023-11-10,9.87708333333333,"ECCC","46303","S. Georgia Strait",NA,49.025,-123.43
"306","C46303",2023-11-11,10.1194444444444,"ECCC","46303","S. Georgia Strait",NA,49.025,-123.43
"307","C46303",2023-11-12,10.0763888888889,"ECCC","46303","S. Georgia Strait",NA,49.025,-123.43
"308","C46303",2023-11-13,9.93888888888889,"ECCC","46303","S. Georgia Strait",NA,49.025,-123.43
"309","C46303",2023-11-14,9.26944444444444,"ECCC","46303","S. Georgia Strait",NA,49.025,-123.43
"310","C46303",2023-11-15,8.75763888888889,"ECCC","46303","S. Georgia Strait",NA,49.025,-123.43
"311","C46303",2023-11-16,9.00833333333333,"ECCC","46303","S. Georgia Strait",NA,49.025,-123.43
"312","C46303",2023-11-17,8.54166666666667,"ECCC","46303","S. Georgia Strait",NA,49.025,-123.43
"313","C46303",2023-11-18,8.23958333333333,"ECCC","46303","S. Georgia Strait",NA,49.025,-123.43
"314","C46303",2023-11-19,8.95625,"ECCC","46303","S. Georgia Strait",NA,49.025,-123.43
"315","C46303",2023-11-20,8.96736111111111,"ECCC","46303","S. Georgia Strait",NA,49.025,-123.43
"316","C46303",2023-11-21,8.59785714285714,"ECCC","46303","S. Georgia Strait",NA,49.025,-123.43
"317","C46303",2023-11-22,8.67083333333333,"ECCC","46303","S. Georgia Strait",NA,49.025,-123.43
"318","C46303",2023-11-23,8.99166666666667,"ECCC","46303","S. Georgia Strait",NA,49.025,-123.43
"319","C46303",2023-11-24,8.96319444444445,"ECCC","46303","S. Georgia Strait",NA,49.025,-123.43
"320","C46303",2023-11-25,8.90917431192661,"ECCC","46303","S. Georgia Strait",NA,49.025,-123.43
"321","C46303",2023-11-26,8.70143884892086,"ECCC","46303","S. Georgia Strait",NA,49.025,-123.43
"322","C46303",2023-11-27,8.35153846153846,"ECCC","46303","S. Georgia Strait",NA,49.025,-123.43
"323","C46303",2023-11-28,8.12013888888889,"ECCC","46303","S. Georgia Strait",NA,49.025,-123.43
"324","C46303",2023-11-29,8.09007092198582,"ECCC","46303","S. Georgia Strait",NA,49.025,-123.43
"325","C46303",2023-11-30,8.18402777777778,"ECCC","46303","S. Georgia Strait",NA,49.025,-123.43
"326","C46303",2023-12-01,8.34791666666667,"ECCC","46303","S. Georgia Strait",NA,49.025,-123.43
"327","C46303",2023-12-02,8.70694444444444,"ECCC","46303","S. Georgia Strait",NA,49.025,-123.43
"328","C46303",2023-12-03,8.75625,"ECCC","46303","S. Georgia Strait",NA,49.025,-123.43
"329","C46303",2023-12-04,8.89027777777778,"ECCC","46303","S. Georgia Strait",NA,49.025,-123.43
"330","C46303",2023-12-05,9.28611111111111,"ECCC","46303","S. Georgia Strait",NA,49.025,-123.43
"331","C46303",2023-12-06,8.6875,"ECCC","46303","S. Georgia Strait",NA,49.025,-123.43
"332","C46303",2023-12-07,8.06180555555556,"ECCC","46303","S. Georgia Strait",NA,49.025,-123.43
"333","C46303",2023-12-08,7.9020979020979,"ECCC","46303","S. Georgia Strait",NA,49.025,-123.43
"334","C46303",2023-12-09,7.84335664335664,"ECCC","46303","S. Georgia Strait",NA,49.025,-123.43
"335","C46303",2023-12-10,8.19583333333333,"ECCC","46303","S. Georgia Strait",NA,49.025,-123.43
"336","C46303",2023-12-11,7.96180555555556,"ECCC","46303","S. Georgia Strait",NA,49.025,-123.43
"337","C46303",2023-12-12,7.80902777777778,"ECCC","46303","S. Georgia Strait",NA,49.025,-123.43
"338","C46303",2023-12-13,7.63402777777778,"ECCC","46303","S. Georgia Strait",NA,49.025,-123.43
"339","C46303",2023-12-14,7.73541666666667,"ECCC","46303","S. Georgia Strait",NA,49.025,-123.43
"340","C46303",2023-12-15,7.69305555555556,"ECCC","46303","S. Georgia Strait",NA,49.025,-123.43
"341","C46303",2023-12-16,7.75694444444444,"ECCC","46303","S. Georgia Strait",NA,49.025,-123.43
"342","C46303",2023-12-17,7.76293706293706,"ECCC","46303","S. Georgia Strait",NA,49.025,-123.43
"343","C46303",2023-12-18,8.05833333333333,"ECCC","46303","S. Georgia Strait",NA,49.025,-123.43
"344","C46303",2023-12-19,8.04236111111111,"ECCC","46303","S. Georgia Strait",NA,49.025,-123.43
"345","C46303",2023-12-20,8.15633802816901,"ECCC","46303","S. Georgia Strait",NA,49.025,-123.43
"346","C46303",2023-12-21,8.36433566433566,"ECCC","46303","S. Georgia Strait",NA,49.025,-123.43
"347","C46303",2023-12-22,8.475,"ECCC","46303","S. Georgia Strait",NA,49.025,-123.43
"348","C46303",2023-12-23,8.19166666666667,"ECCC","46303","S. Georgia Strait",NA,49.025,-123.43
"349","C46303",2023-12-24,7.88251748251748,"ECCC","46303","S. Georgia Strait",NA,49.025,-123.43
"350","C46303",2023-12-25,8.29513888888889,"ECCC","46303","S. Georgia Strait",NA,49.025,-123.43
"351","C46303",2023-12-26,8.79583333333333,"ECCC","46303","S. Georgia Strait",NA,49.025,-123.43
"352","C46303",2023-12-27,8.84685314685315,"ECCC","46303","S. Georgia Strait",NA,49.025,-123.43
"353","C46303",2023-12-28,9.16736111111111,"ECCC","46303","S. Georgia Strait",NA,49.025,-123.43
"354","C46303",2023-12-29,9.21527777777778,"ECCC","46303","S. Georgia Strait",NA,49.025,-123.43
"355","C46303",2023-12-30,8.6241134751773,"ECCC","46303","S. Georgia Strait",NA,49.025,-123.43
"356","C46303",2023-12-31,9.04895104895105,"ECCC","46303","S. Georgia Strait",NA,49.025,-123.43
"357","C46303",2024-01-01,9.05833333333333,"ECCC","46303","S. Georgia Strait",NA,49.025,-123.43
"358","C46303",2024-01-01,8.246875,"ECCC","46303","S. Georgia Strait",NA,49.025,-123.43
"359","C46303",2024-01-02,7.53496503496504,"ECCC","46303","S. Georgia Strait",NA,49.025,-123.43
"360","C46303",2024-01-03,7.38111888111888,"ECCC","46303","S. Georgia Strait",NA,49.025,-123.43
"361","C46303",2024-01-04,7.93146853146853,"ECCC","46303","S. Georgia Strait",NA,49.025,-123.43
"362","C46303",2024-01-05,8.31527777777778,"ECCC","46303","S. Georgia Strait",NA,49.025,-123.43
"363","C46303",2024-01-06,8.28253968253968,"ECCC","46303","S. Georgia Strait",NA,49.025,-123.43
"364","C46303",2024-01-07,7.61075268817204,"ECCC","46303","S. Georgia Strait",NA,49.025,-123.43
"365","C46303",2024-01-08,7.44184397163121,"ECCC","46303","S. Georgia Strait",NA,49.025,-123.43
"366","C46303",2024-01-09,7.81944444444444,"ECCC","46303","S. Georgia Strait",NA,49.025,-123.43
"367","C46303",2024-01-10,7.79652777777778,"ECCC","46303","S. Georgia Strait",NA,49.025,-123.43
"368","C46303",2024-01-11,7.60979020979021,"ECCC","46303","S. Georgia Strait",NA,49.025,-123.43
"369","C46303",2024-01-12,7.47412587412587,"ECCC","46303","S. Georgia Strait",NA,49.025,-123.43
"370","C46303",2024-01-13,6.81180555555556,"ECCC","46303","S. Georgia Strait",NA,49.025,-123.43
"371","C46303",2024-01-14,6.72307692307692,"ECCC","46303","S. Georgia Strait",NA,49.025,-123.43
"372","C46303",2024-01-15,6.45625,"ECCC","46303","S. Georgia Strait",NA,49.025,-123.43
"373","C46303",2024-01-16,6.12569444444444,"ECCC","46303","S. Georgia Strait",NA,49.025,-123.43
"374","C46303",2024-01-17,6.11078431372549,"ECCC","46303","S. Georgia Strait",NA,49.025,-123.43
"375","C46303",2024-01-18,5.96210526315789,"ECCC","46303","S. Georgia Strait",NA,49.025,-123.43
"376","C46303",2024-01-19,6.14444444444444,"ECCC","46303","S. Georgia Strait",NA,49.025,-123.43
"377","C46303",2024-01-20,5.5272,"ECCC","46303","S. Georgia Strait",NA,49.025,-123.43
"378","C46303",2024-01-21,5.7010752688172,"ECCC","46303","S. Georgia Strait",NA,49.025,-123.43
"379","C46303",2024-01-22,6.45,"ECCC","46303","S. Georgia Strait",NA,49.025,-123.43
"380","C46303",2024-01-23,6.25454545454545,"ECCC","46303","S. Georgia Strait",NA,49.025,-123.43
"381","C46303",2024-01-24,6.53611111111111,"ECCC","46303","S. Georgia Strait",NA,49.025,-123.43
"382","C46303",2024-01-25,7.27222222222222,"ECCC","46303","S. Georgia Strait",NA,49.025,-123.43
"383","C46303",2024-01-26,7.07361111111111,"ECCC","46303","S. Georgia Strait",NA,49.025,-123.43
"384","C46303",2024-01-27,7.21418439716312,"ECCC","46303","S. Georgia Strait",NA,49.025,-123.43
"385","C46303",2024-01-28,7.25104895104895,"ECCC","46303","S. Georgia Strait",NA,49.025,-123.43
"386","C46303",2024-01-29,7.47625,"ECCC","46303","S. Georgia Strait",NA,49.025,-123.43
"387","C46303",2024-01-30,7.48210526315789,"ECCC","46303","S. Georgia Strait",NA,49.025,-123.43
"388","C46303",2024-01-31,7.56492537313433,"ECCC","46303","S. Georgia Strait",NA,49.025,-123.43
"389","C46303",2024-02-01,7.94244604316547,"ECCC","46303","S. Georgia Strait",NA,49.025,-123.43
"390","C46303",2024-02-02,7.87622377622378,"ECCC","46303","S. Georgia Strait",NA,49.025,-123.43
"391","C46303",2024-02-03,7.44736842105263,"ECCC","46303","S. Georgia Strait",NA,49.025,-123.43
